Data Source,World Development Indicators,,,,,,,,,,,,,,,,,,,,,,,,,,,,,
,,,,,,,,,,,,,,,,,,,,,,,,,,,,,,
Last Updated Date,4/27/17,,,,,,,,,,,,,,,,,,,,,,,,,,,,,
,,,,,,,,,,,,,,,,,,,,,,,,,,,,,,
Country Name,Country Code,Indicator Name,Indicator Code,1990,1991,1992,1993,1994,1995,1996,1997,1998,1999,2000,2001,2002,2003,2004,2005,2006,2007,2008,2009,2010,2011,2012,2013,2014,2015,2016
Aruba,ABW,"Population, total",SP.POP.TOTL,62148,64623,68235,72498,76700,80326,83195,85447,87276,89004,90858,92894,94995,97015,98742,100031,100830,101218,101342,101416,101597,101936,102393,102921,103441,103889,
Afghanistan,AFG,"Population, total",SP.POP.TOTL,12067570,12789374,13745630,14824371,15869967,16772522,17481800,18034130,18511480,19038420,19701940,20531160,21487079,22507368,23499850,24399948,25183615,25877544,26528741,27207291,27962207,28809167,29726803,30682500,31627506,32526562,
Angola,AGO,"Population, total",SP.POP.TOTL,11127870,11472173,11848971,12246786,12648483,13042666,13424813,13801868,14187710,14601983,15058638,15562791,16109696,16691395,17295500,17912942,18541467,19183907,19842251,20520103,21219954,21942296,22685632,23448202,24227524,25021974,
Albania,ALB,"Population, total",SP.POP.TOTL,3286542,3266790,3247039,3227287,3207536,3187784,3168033,3148281,3128530,3108778,3089027,3060173,3051010,3039616,3026939,3011487,2992547,2970017,2947314,2927519,2913021,2904780,2900247,2896652,2893654,2889167,
Andorra,AND,"Population, total",SP.POP.TOTL,54511,56674,58904,61003,62707,63854,64291,64147,63888,64161,65399,67770,71046,74783,78337,81223,83373,84878,85616,85474,84419,82326,79316,75902,72786,70473,
Arab World,ARB,"Population, total",SP.POP.TOTL,222195702,228270523,232530572,238841540,245064310,252747520,258589900,264323199,269961339,275651398,281472942,287426891,293517870,299831634,306472454,313504388,320975277,328840176,336965659,345136790,353204331,361116890,368906561,376623459,384356146,392168030,
United Arab Emirates,ARE,"Population, total",SP.POP.TOTL,1811458,1913190,2019014,2127863,2238281,2350192,2467726,2595220,2733770,2884188,3050128,3217865,3394060,3625798,3975945,4481976,5171255,6010100,6900142,7705423,8329453,8734722,8952542,9039978,9086139,9156963,
Argentina,ARG,"Population, total",SP.POP.TOTL,32729740,33193920,33655149,34110912,34558114,34994818,35419683,35833965,36241578,36648054,37057453,37471535,37889443,38309475,38728778,39145491,39558750,39969903,40381860,40798641,41222875,41655616,42095224,42538304,42980026,43416755,
Armenia,ARM,"Population, total",SP.POP.TOTL,3544695,3511912,3449497,3369673,3289943,3223173,3173425,3137652,3112958,3093820,3076098,3060036,3047249,3036420,3025982,3014917,3002161,2988117,2975029,2966108,2963496,2967984,2978339,2992192,3006154,3017712,
American Samoa,ASM,"Population, total",SP.POP.TOTL,47044,48379,49597,50725,51807,52874,53926,54942,55899,56768,57522,58176,58729,59117,59262,59117,58648,57904,57031,56226,55636,55316,55227,55302,55434,55538,
Antigua and Barbuda,ATG,"Population, total",SP.POP.TOTL,61906,62412,63434,64868,66550,68349,70245,72232,74206,76041,77648,78972,80030,80904,81718,82565,83467,84397,85350,86300,87233,88152,89069,89985,90900,91818,
Australia,AUS,"Population, total",SP.POP.TOTL,17065100,17284000,17495000,17667000,17855000,18072000,18311000,18517000,18711000,18926000,19153000,19413000,19651400,19895400,20127400,20394800,20697900,20827600,21249200,21691700,22031750,22340024,22728254,23117353,23460694,23789752,
Austria,AUT,"Population, total",SP.POP.TOTL,7677850,7754891,7840709,7905633,7936118,7948278,7959017,7968041,7976789,7992324,8011566,8042293,8081957,8121423,8171966,8227829,8268641,8295487,8321496,8343323,8363404,8391643,8429991,8479375,8541575,8638366,
Azerbaijan,AZE,"Population, total",SP.POP.TOTL,7159000,7271000,7382000,7495000,7597000,7685000,7763000,7838250,7913000,7982750,8048600,8111200,8171950,8234100,8306500,8391850,8484550,8581300,8763400,8947243,9054332,9173082,9295784,9416801,9535079,9649341,
Burundi,BDI,"Population, total",SP.POP.TOTL,5613141,5759429,5895131,6019901,6134041,6239030,6333415,6420397,6511920,6623707,6767073,6946720,7159918,7401215,7661613,7934213,8218070,8514578,8821795,9137786,9461117,9790151,10124572,10465959,10816860,11178921,
Belgium,BEL,"Population, total",SP.POP.TOTL,9967379,10004486,10045158,10084475,10115603,10136811,10156637,10181245,10203008,10226419,10251250,10286570,10332785,10376133,10421137,10478617,10547958,10625700,10709973,10796493,10895586,11047744,11128246,11182817,11231213,11249420,
Benin,BEN,"Population, total",SP.POP.TOTL,5001271,5182525,5378226,5582420,5786794,5985658,6176318,6361301,6546493,6740491,6949366,7174911,7414744,7665681,7922796,8182362,8443717,8707637,8973525,9240982,9509798,9779391,10049792,10322232,10598482,10879829,
Burkina Faso,BFA,"Population, total",SP.POP.TOTL,8811033,9050090,9297116,9552473,9816586,10089876,10372809,10665781,10969093,11283016,11607944,11943740,12290984,12651596,13028039,13421929,13834195,14264002,14709011,15165856,15632066,16106851,16590813,17084554,17589198,18105570,
Bangladesh,BGD,"Population, total",SP.POP.TOTL,105983136,108509679,110987459,113442354,115913710,118427768,120987124,123574107,126169583,128746273,131280739,133776064,136228456,138600174,140843786,142929979,144839238,146592687,148252473,149905836,151616777,153405612,155257387,157157394,159077513,160995642,
Bulgaria,BGR,"Population, total",SP.POP.TOTL,8718289,8632367,8540164,8472313,8443591,8406067,8362826,8312068,8256786,8210624,8170172,8009142,7837161,7775327,7716860,7658972,7601022,7545338,7492561,7444443,7395599,7348328,7305888,7265115,7223938,7177991,
Bahrain,BHR,"Population, total",SP.POP.TOTL,495944,509654,522748,535692,549151,563730,579855,597834,618054,640904,666855,694893,725365,761595,807989,867014,940808,1026568,1115777,1196774,1261319,1306014,1333577,1349427,1361930,1377237,
"Bahamas, The",BHS,"Population, total",SP.POP.TOTL,256338,261117,266133,271165,275903,280151,283792,286968,290054,293572,297891,303138,309170,315757,322539,329243,335801,342259,348587,354780,360830,366711,372388,377841,383054,388019,
Bosnia and Herzegovina,BIH,"Population, total",SP.POP.TOTL,4526996,4437898,4301169,4141167,3992256,3879278,3810649,3779354,3775898,3784389,3792878,3799747,3808347,3817313,3825872,3833377,3838504,3840418,3839749,3837732,3835258,3832310,3828419,3823533,3817554,3810416,
Belarus,BLR,"Population, total",SP.POP.TOTL,10189000,10194000,10216000,10239000,10227000,10194000,10160000,10117000,10069000,10026738,9979610,9928549,9865548,9796749,9730146,9663915,9604924,9560953,9527985,9506765,9490583,9473172,9464495,9465997,9474511,9489616,
Belize,BLZ,"Population, total",SP.POP.TOTL,187552,191127,194321,197615,201678,206962,213674,221608,230289,239024,247312,254989,262202,269132,276085,283279,290751,298403,306165,313925,321609,329193,336707,344193,351706,359287,
Bermuda,BMU,"Population, total",SP.POP.TOTL,59326,59021,58595,58910,59320,59746,60129,60497,60943,61285,61833,62504,62912,63325,63740,64154,64523,64888,65273,65636,65124,64564,64798,65001,65139,65235,
Bolivia,BOL,"Population, total",SP.POP.TOTL,6856246,6992521,7131699,7273824,7418864,7566716,7717445,7870860,8026257,8182710,8339512,8496378,8653343,8810420,8967740,9125405,9283345,9441482,9599916,9758799,9918245,10078238,10238762,10399931,10561887,10724705,
Brazil,BRA,"Population, total",SP.POP.TOTL,150393143,152916852,155379009,157812220,160260508,162755054,165303155,167893835,170516482,173153066,175786441,178419396,181045592,183627339,186116363,188479240,190698241,192784521,194769696,196701298,198614208,200517584,202401584,204259377,206077898,207847528,
Barbados,BRB,"Population, total",SP.POP.TOTL,260374,261281,262184,263091,264015,264962,265940,266944,267949,268920,269838,270686,271479,272261,273091,274013,275040,276154,277315,278466,279566,280602,281580,282503,283380,284215,
Brunei Darussalam,BRN,"Population, total",SP.POP.TOTL,256939,264365,271989,279717,287423,295010,302449,309746,316873,323812,330554,337074,343383,349557,355700,361889,368150,374459,380786,387080,393302,399443,405512,411499,417394,423188,
Bhutan,BTN,"Population, total",SP.POP.TOTL,535505,534678,528085,518847,511382,508897,512377,520917,533506,548387,564187,580784,598421,616474,634235,651163,666920,681471,694990,707830,720246,732246,743711,754637,765008,774830,
Botswana,BWA,"Population, total",SP.POP.TOTL,1379814,1420098,1460453,1500356,1539135,1576291,1611827,1645846,1678111,1708368,1736579,1762531,1786672,1810438,1835750,1864003,1895671,1930431,1967866,2007212,2047831,2089706,2132822,2176510,2219937,2262485,
Central African Republic,CAF,"Population, total",SP.POP.TOTL,2937832,3010950,3089141,3170848,3253698,3335840,3417163,3497910,3577028,3653310,3726048,3794677,3859784,3923294,3987896,4055608,4127112,4202104,4280405,4361492,4444973,4530903,4619500,4710678,4804316,4900274,
Canada,CAN,"Population, total",SP.POP.TOTL,27791000,28171682,28519597,28833410,29111906,29354000,29671900,29987200,30247900,30499200,30769700,31081900,31362000,31676000,31995000,32312000,32570505,32887928,33245773,33628571,34005274,34342780,34750545,35155451,35544564,35848610,
Central Europe and the Baltics,CEB,"Population, total",SP.POP.TOTL,110745760,110290445,110005636,110081461,110019570,109913216,109563097,109459093,109207205,109092730,108405522,107800399,107097577,106760768,106466116,106173766,105901322,105504531,105126686,104924372,104543801,104174038,103935318,103713726,103496179,103256779,
Switzerland,CHE,"Population, total",SP.POP.TOTL,6715519,6799978,6875364,6938265,6993795,7040687,7071850,7088906,7110001,7143991,7184250,7229854,7284753,7339001,7389625,7437115,7483934,7551117,7647675,7743831,7824909,7912398,7996861,8089346,8188649,8281430,
Channel Islands,CHI,"Population, total",SP.POP.TOTL,140669,141568,142258,142822,143388,144050,144832,145709,146669,147682,148725,149797,150905,152034,153170,154298,155415,156516,157587,158613,159583,160489,161336,162138,162917,163692,
Chile,CHL,"Population, total",SP.POP.TOTL,13141202,13354054,13566942,13778676,13987999,14193986,14396020,14594070,14788609,14980484,15170387,15358418,15544554,15729268,15913119,16096571,16279728,16462701,16645940,16829957,17015048,17201305,17388437,17575833,17762647,17948141,
China,CHN,"Population, total",SP.POP.TOTL,1135185000,1150780000,1164970000,1178440000,1191835000,1204855000,1217550000,1230075000,1241935000,1252735000,1262645000,1271850000,1280400000,1288400000,1296075000,1303720000,1311020000,1317885000,1324655000,1331260000,1337705000,1344130000,1350695000,1357380000,1364270000,1371220000,
Cote d'Ivoire,CIV,"Population, total",SP.POP.TOTL,12165909,12600967,13046907,13499696,13953779,14404340,14852193,15296390,15728482,16137824,16517948,16865376,17185421,17491539,17802516,18132702,18486392,18862172,19261647,19684909,20131707,20604172,21102641,21622490,22157107,22701556,
Cameroon,CMR,"Population, total",SP.POP.TOTL,12070359,12430311,12796739,13169100,13546823,13929575,14317191,14709961,15108630,15514249,15927713,16349364,16779434,17218591,17667576,18126999,18597109,19078100,19570418,20074522,20590666,21119065,21659488,22211166,22773014,23344179,
"Congo, Dem. Rep.",COD,"Population, total",SP.POP.TOTL,34962676,36309209,37783835,39314955,40804011,42183620,43424997,44558347,45647949,46788238,48048664,49449015,50971407,52602208,54314855,56089536,57926840,59834875,61809278,63845097,65938712,68087376,70291160,72552861,74877030,77266814,
"Congo, Rep.",COG,"Population, total",SP.POP.TOTL,2386467,2450125,2514907,2581306,2649964,2721277,2795903,2873638,2953011,3031969,3109269,3183883,3256867,3331564,3412592,3503086,3604595,3715665,3832771,3950786,4066078,4177435,4286188,4394334,4504962,4620330,
Colombia,COL,"Population, total",SP.POP.TOTL,34271563,34916770,35558683,36195170,36823539,37441980,38049040,38645409,39234059,39819279,40403959,40988909,41572493,42152147,42724157,43285636,43835744,44374647,44901660,45416276,45918101,46406446,46881018,47342363,47791393,48228704,
Comoros,COM,"Population, total",SP.POP.TOTL,415144,427556,440252,453188,466309,479574,492979,506525,520180,533909,547696,561525,575428,589500,603869,618632,633814,649404,665414,681845,698695,715972,733661,751697,769991,788474,
Cabo Verde,CPV,"Population, total",SP.POP.TOTL,341256,349326,358473,368423,378763,389156,399508,409805,419884,429576,438737,447357,455396,462675,468985,474224,478265,481278,483824,486673,490379,495159,500870,507258,513906,520502,
Costa Rica,CRI,"Population, total",SP.POP.TOTL,3095994,3175654,3257463,3341005,3425692,3510925,3596733,3682725,3767369,3848725,3925450,3996800,4063208,4125970,4187039,4247843,4308790,4369465,4429506,4488261,4545273,4600487,4654148,4706433,4757606,4807850,
Caribbean small states,CSS,"Population, total",SP.POP.TOTL,5956174,5998778,6047008,6099380,6153404,6207160,6260575,6314056,6366684,6417370,6465422,6510230,6552087,6592340,6632922,6675203,6719633,6765712,6812688,6859402,6904998,6949217,6992268,7034300,7075604,7116360,
Cuba,CUB,"Population, total",SP.POP.TOTL,10582082,10664577,10735775,10797556,10853435,10906048,10955372,11000431,11041893,11080506,11116787,11151472,11184540,11214837,11240680,11261052,11275199,11284043,11290239,11297442,11308133,11323570,11342631,11362505,11379111,11389562,
Curacao,CUW,"Population, total",SP.POP.TOTL,145400,144403,143912,144299,144630,145139,146306,146956,144472,139428,133860,129047,129205,131897,134192,137658,141239,144056,145880,146833,148703,150831,152088,153822,155909,157979,
Cayman Islands,CYM,"Population, total",SP.POP.TOTL,25009,26211,27402,28652,30055,31672,33535,35596,37742,39810,41685,43317,44742,46032,47299,48623,50028,51480,52925,54285,55509,56580,57522,58369,59172,59967,
Cyprus,CYP,"Population, total",SP.POP.TOTL,766611,783138,800660,818814,837166,855389,873246,890733,908040,925491,943287,961482,979883,998150,1015827,1032586,1048293,1063040,1077010,1090486,1103685,1116644,1129303,1141652,1153658,1165300,
Czech Republic,CZE,"Population, total",SP.POP.TOTL,10333355,10308578,10319123,10329855,10333587,10327253,10315241,10304131,10294373,10283860,10255063,10216605,10196916,10193998,10197101,10211216,10238905,10298828,10384603,10443936,10474410,10496088,10510785,10514272,10525347,10546059,
Germany,DEU,"Population, total",SP.POP.TOTL,79433029,80013896,80624598,81156363,81438348,81678051,81914831,82034771,82047195,82100243,82211508,82349925,82488495,82534176,82516260,82469422,82376451,82266372,82110097,81902307,81776930,80274983,80425823,80645605,80982500,81679769,
Djibouti,DJI,"Population, total",SP.POP.TOTL,588356,610679,627063,639215,649878,661076,673202,685644,698256,710652,722562,734088,745459,756656,767644,778406,788941,799309,809639,820097,830802,841802,853069,864554,876174,887861,
Dominica,DMA,"Population, total",SP.POP.TOTL,70928,70849,70978,71205,71372,71367,71146,70756,70295,69902,69679,69660,69806,70058,70325,70542,70690,70795,70881,70995,71167,71402,71685,72005,72341,72680,
Denmark,DNK,"Population, total",SP.POP.TOTL,5140939,5154298,5171370,5188628,5206180,5233373,5263074,5284991,5304219,5321799,5339616,5358783,5375931,5390574,5404523,5419432,5437272,5461438,5493621,5523095,5547683,5570572,5591572,5614932,5643475,5683483,
Dominican Republic,DOM,"Population, total",SP.POP.TOTL,7183646,7325622,7468551,7611463,7753052,7892420,8029114,8163474,8296375,8429116,8562623,8697127,8832286,8967759,9102997,9237565,9371333,9504336,9636491,9767737,9897983,10027140,10155036,10281408,10405943,10528391,
Algeria,DZA,"Population, total",SP.POP.TOTL,25912364,26554277,27180921,27785977,28362015,28904300,29411839,29887717,30336880,30766551,31183658,31590320,31990387,32394886,32817225,33267887,33749328,34261971,34811059,35401790,36036159,36717132,37439427,38186135,38934334,39666519,
East Asia and Pacific (excluding high income),EAP,"Population, total",SP.POP.TOTL,1603652723,1627881291,1650544592,1672375813,1694082971,1715417437,1736435473,1757273497,1777437867,1796509002,1814543356,1831803900,1848308223,1864184472,1879602648,1894754810,1909264026,1923103070,1936736419,1950274224,1963833029,1977615463,1991736359,2006072693,2020601290,2035078896,
Early-demographic dividend,EAR,"Population, total",SP.POP.TOTL,2031574582,2076066049,2120112245,2163921268,2207753804,2251854963,2296334468,2341051405,2385711719,2430060918,2474101177,2517380239,2560366779,2603083929,2645744218,2688497090,2731383197,2774409072,2817586087,2860911001,2904615834,2948385029,2991874602,3035445564,3079090037,3122757474,
East Asia and Pacific,EAS,"Population, total",SP.POP.TOTL,1820616892,1846419035,1870516977,1893718374,1916928717,1939958969,1962650225,1984871945,2006354328,2026515698,2045729346,2064266243,2081848420,2098602000,2114743503,2130552112,2146025766,2160769505,2175670646,2190179257,2204604095,2219066628,2233890130,2248870230,2264007889,2279146555,
Europe and Central Asia (excluding high income),ECA,"Population, total",SP.POP.TOTL,385568047,387534203,389132701,390363718,390990562,391431995,391816812,392207147,392487603,392493792,392623154,392404942,392091689,392240226,392590322,392997507,393540030,394218098,395265881,397037666,399122329,401448360,403831032,406430738,408893930,411290566,
Europe and Central Asia,ECS,"Population, total",SP.POP.TOTL,842989059,846315003,849777480,852858503,854792758,856397605,857675502,859116103,860223424,861344657,862268932,863576156,865158684,867424499,870003667,872640215,875318531,878429450,881925890,885580453,889078106,891293624,895050782,899381985,903670530,907791157,
Ecuador,ECU,"Population, total",SP.POP.TOTL,10218085,10460988,10705670,10951200,11196476,11440576,11683480,11924991,12163887,12398691,12628596,12852753,13072056,13289600,13509645,13735232,13967490,14205479,14447600,14691310,14934692,15177280,15419493,15661312,15902916,16144363,
"Egypt, Arab Rep.",EGY,"Population, total",SP.POP.TOTL,56397273,57689828,58922018,60108373,61272847,62434527,63595629,64754566,65922626,67112877,68334905,69599945,70908710,72247626,73596068,74942115,76274285,77605327,78976122,80442443,82040994,83787634,85660902,87613909,89579670,91508084,
Euro area,EMU,"Population, total",SP.POP.TOTL,311539695,312708152,314162106,315449165,316366837,317181455,318002836,318761299,319433322,320248716,321310786,322549081,324128255,325890549,327687926,329385346,330925570,332644496,334270178,335353297,336142557,335417640,336161537,337268156,338390166,339373830,
Eritrea,ERI,"Population, total",SP.POP.TOTL,3139083,3160644,3160617,3150811,3147871,3164095,3202598,3260612,3337227,3429656,3535156,3655006,3788532,3928408,4064958,4191273,4304440,4406299,4500638,4593549,4689664,4789568,,,,,
Spain,ESP,"Population, total",SP.POP.TOTL,38867322,38966376,39157685,39361262,39549108,39724050,39889852,40057389,40223509,40386875,40567864,40850412,41431558,42187645,42921895,43653155,44397319,45226803,45954106,46362946,46576897,46742697,46773055,46620045,46480882,46443994,
Estonia,EST,"Population, total",SP.POP.TOTL,1569174,1561314,1533091,1494128,1462514,1436634,1415594,1399535,1386156,1380620,1396985,1388115,1379350,1370720,1362550,1354775,1346810,1340680,1337090,1334515,1331475,1327439,1322696,1317997,1314545,1314608,
Ethiopia,ETH,"Population, total",SP.POP.TOTL,48057094,49784987,51602776,53477944,55366517,57237226,59076414,60893264,62707547,64550161,66443603,68393128,70391170,72432290,74506974,76608431,78735675,80891968,83079608,85302099,87561814,89858696,92191211,94558374,96958732,99390750,
European Union,EUU,"Population, total",SP.POP.TOTL,478005304,478976415,480438524,482099347,483262903,484271350,485000537,485891629,486565210,487529180,488178831,489156866,490393168,492204702,494167962,496119939,497976491,499915977,501803925,503310374,504412209,504003891,505098575,506563740,508117767,509557762,
Fragile and conflict affected situations,FCS,"Population, total",SP.POP.TOTL,258881635,266166456,273909354,281946172,290043848,298040428,305868679,313590684,321130376,328783990,336909548,345461879,354332474,363479314,372832172,382338023,392013911,401863906,411873180,421999099,432225198,442535318,452946224,463541755,474404409,485613879,
Finland,FIN,"Population, total",SP.POP.TOTL,4986431,5013740,5041992,5066447,5088333,5107790,5124573,5139835,5153498,5165474,5176209,5188008,5200598,5213014,5228172,5246096,5266268,5288720,5313399,5338871,5363352,5388272,5413971,5438972,5461512,5479531,
Fiji,FJI,"Population, total",SP.POP.TOTL,728626,735469,744534,755024,765666,775498,784479,792859,800314,806494,811223,814215,815691,816626,818355,821820,827390,834729,843206,851854,859952,867327,874158,880487,886450,892145,
France,FRA,"Population, total",SP.POP.TOTL,58512808,58559312,58851216,59106766,59327194,59541900,59753098,59964845,60186291,60496715,60912498,61357431,61805267,62244884,62704897,63179356,63621376,64016229,64374990,64707044,65027512,65342776,65659790,65972097,66268972,66538391,
Faroe Islands,FRO,"Population, total",SP.POP.TOTL,48031,47494,46574,45501,44600,44099,44081,44467,45126,45852,46491,47012,47452,47812,48103,48337,48505,48599,48629,48613,48567,48492,48393,48292,48221,48199,
"Micronesia, Fed. Sts.",FSM,"Population, total",SP.POP.TOTL,96331,98800,101412,103937,106057,107556,108342,108506,108236,107808,107430,107170,106983,106816,106575,106198,105680,105080,104472,103961,103619,103476,103516,103718,104044,104460,
Gabon,GAB,"Population, total",SP.POP.TOTL,952269,978252,1004598,1031358,1058625,1086449,1114879,1143838,1173114,1202412,1231548,1260435,1289192,1318093,1347524,1377777,1408920,1440902,1473741,1507428,1541936,1577298,1613489,1650351,1687673,1725292,
United Kingdom,GBR,"Population, total",SP.POP.TOTL,57247586,57424897,57580402,57718614,57865745,58019030,58166950,58316954,58487141,58682466,58892514,59119673,59370479,59647577,59987905,60401206,60846820,61322463,61806995,62276270,62766365,63258918,63700300,64128226,64613160,65128861,
Georgia,GEO,"Population, total",SP.POP.TOTL,4802000,4835900,4873500,4911100,4861600,4734000,4616100,4531600,4487300,4452500,4418300,4386400,4357000,4301000,4245000,4190000,4136000,4082000,4030000,3978000,3926000,3875000,3825000,3776000,3727000,3717100,
Ghana,GHA,"Population, total",SP.POP.TOTL,14628260,15042736,15471527,15907244,16339344,16760991,17169214,17568583,17969006,18384426,18824994,19293804,19788181,20305396,20840493,21389514,21951891,22528041,23115919,23713164,24317734,24928503,25544565,26164432,26786598,27409893,
Gibraltar,GIB,"Population, total",SP.POP.TOTL,26833,26924,27035,27146,27235,27285,27284,27246,27211,27233,27351,27580,27903,28290,28694,29080,29437,29770,30089,30407,30732,31067,31402,31720,31997,32217,
Guinea,GIN,"Population, total",SP.POP.TOTL,6034082,6367110,6751394,7155564,7536389,7863033,8124799,8331366,8497582,8647336,8799165,8955756,9114287,9281572,9464771,9669023,9898301,10152521,10427356,10715770,11012406,11316351,11628767,11948726,12275527,12608590,
"Gambia, The",GMB,"Population, total",SP.POP.TOTL,916811,949490,979701,1008296,1036627,1065746,1095839,1126786,1159001,1192920,1228863,1267103,1307674,1350345,1394727,1440542,1487731,1536424,1586749,1638899,1693002,1749099,1807108,1866878,1928201,1990924,
Guinea-Bissau,GNB,"Population, total",SP.POP.TOTL,1056208,1080191,1104708,1129706,1155111,1180877,1207006,1233520,1260424,1287727,1315455,1343646,1372367,1401716,1431816,1462784,1494603,1527342,1561293,1596832,1634196,1673509,1714620,1757138,1800513,1844325,
Equatorial Guinea,GNQ,"Population, total",SP.POP.TOTL,377363,390381,404081,418409,433197,448332,463844,479836,496330,513347,530896,549007,567664,586772,606201,625866,645718,665798,686223,707155,728710,750918,773729,797082,820885,845060,
Greece,GRC,"Population, total",SP.POP.TOTL,10196792,10319927,10399061,10460415,10512922,10562153,10608800,10661259,10720509,10761698,10805808,10862132,10902022,10928070,10955141,10987314,11020362,11048473,11077841,11107017,11121341,11104899,11045011,10965211,10892413,10820883,
Grenada,GRD,"Population, total",SP.POP.TOTL,96286,96455,97201,98302,99403,100253,100796,101125,101302,101441,101620,101849,102100,102371,102657,102951,103259,103587,103934,104298,104677,105070,105476,105902,106349,106825,
Greenland,GRL,"Population, total",SP.POP.TOTL,55600,55500,55300,55200,55500,55800,55900,56000,56100,56100,56200,56350,56609,56765,56911,56935,56774,56555,56328,56323,56905,56890,56810,56483,56295,56114,
Guatemala,GTM,"Population, total",SP.POP.TOTL,9158547,9385000,9619113,9860063,10106463,10357354,10612300,10871786,11136814,11408815,11688660,11976725,12272208,12573346,12877711,13183505,13490041,13797629,14106687,14418033,14732261,15049280,15368759,15690793,16015494,16342897,
Guam,GUM,"Population, total",SP.POP.TOTL,130482,133553,136696,139820,142806,145562,148060,150306,152275,153951,155328,156417,157241,157823,158194,158401,158429,158332,158310,158621,159440,160858,162807,165121,167543,169885,
Guyana,GUY,"Population, total",SP.POP.TOTL,720282,717502,717621,719910,723230,726695,730193,733854,737316,740189,742218,743163,743107,742537,742162,742495,743705,745638,748096,750749,753362,755883,758410,761033,763893,767085,
High income,HIC,"Population, total",SP.POP.TOTL,1001982617,1009916443,1016266637,1024340151,1031751167,1040738789,1047824702,1054951638,1061721513,1068564771,1075192111,1082406710,1089656237,1096885884,1104476098,1112235262,1120543449,1129339051,1138677189,1147005992,1154477199,1159803652,1166574069,1173441431,1180369627,1187092924,
"Hong Kong SAR, China",HKG,"Population, total",SP.POP.TOTL,5704500,5752000,5800500,5901000,6035400,6156100,6435500,6489300,6543700,6606500,6665000,6714300,6744100,6730800,6783500,6813200,6857100,6916300,6957800,6972800,7024200,7071600,7154600,7187500,7241700,7305700,
Honduras,HND,"Population, total",SP.POP.TOTL,4903363,5041050,5179557,5318042,5455481,5591136,5724587,5855946,5985675,6114534,6243080,6371304,6499001,6626304,6753352,6880181,7007029,7133737,7259470,7383098,7503875,7621414,7736131,7849059,7961680,8075060,
Heavily indebted poor countries (HIPC),HPC,"Population, total",SP.POP.TOTL,354714206,365581300,377011630,388837016,400825087,412815898,424741843,436671177,448746908,461180538,474127024,487633972,501659710,516163015,531070213,546329345,561934621,577914150,594288511,611087950,628333588,646028823,664163813,682730030,701714118,721104105,
Croatia,HRV,"Population, total",SP.POP.TOTL,4780000,4510000,4470000,4640000,4650000,4669000,4494000,4572000,4501000,4554000,4426000,4440000,4440000,4440000,4439000,4442000,4440000,4436000,4434508,4429078,4417781,4280622,4267558,4255689,4238389,4203604,
Haiti,HTI,"Population, total",SP.POP.TOTL,7099733,7243391,7386974,7530703,7674911,7819806,7965548,8111954,8258484,8404396,8549202,8692564,8834739,8976555,9119182,9263409,9409479,9556958,9705130,9852953,9999617,10144890,10288828,10431249,10572029,10711067,
Hungary,HUN,"Population, total",SP.POP.TOTL,10373988,10373400,10369341,10357523,10343355,10328965,10311238,10290486,10266570,10237530,10210971,10187576,10158608,10129552,10107146,10087065,10071370,10055780,10038188,10022650,10000023,9971727,9920362,9893082,9866468,9843028,
IBRD only,IBD,"Population, total",SP.POP.TOTL,3377900477,3431855510,3483920116,3534966627,3585229458,3635021275,3684317175,3733803865,3782551614,3830169281,3876016301,3920822350,3964775113,4008411592,4051672385,4094720172,4137221623,4179093232,4221084541,4263679244,4306167048,4349148634,4392929953,4436982889,4480843270,4524263791,
IDA and IBRD total,IBT,"Population, total",SP.POP.TOTL,4310502887,4389225873,4466562321,4543190252,4619185162,4694858151,4770176521,4845794523,4920708973,4994624028,5067316359,5139429255,5211063925,5282877912,5354880815,5427196599,5499526426,5571855280,5644929625,5719212311,5794291446,5870423954,5947631288,6025812993,6104601986,6183773503,
IDA total,IDA,"Population, total",SP.POP.TOTL,932602410,957370363,982642205,1008223625,1033955704,1059836876,1085859346,1111990658,1138157359,1164454747,1191300058,1218606905,1246288812,1274466320,1303208430,1332476427,1362304803,1392762048,1423845084,1455533067,1488124398,1521275320,1554701335,1588830104,1623758716,1659509712,
IDA blend,IDB,"Population, total",SP.POP.TOTL,350159965,358569565,366983131,375374923,383737278,392141218,400674821,409285530,417928840,426492623,435073133,443627954,452157850,460797947,469663036,478759603,488091659,497720965,507661224,517910851,528763723,539899431,550984334,562333102,573936396,585708797,
Indonesia,IDN,"Population, total",SP.POP.TOTL,181436821,184614740,187762097,190873248,193939912,196957845,199926615,202853850,205753493,208644079,211540428,214448301,217369087,220307809,223268606,226254703,229263980,232296830,235360765,238465165,241613126,244808254,248037853,251268276,254454778,257563815,
IDA only,IDX,"Population, total",SP.POP.TOTL,582442445,598800798,615659074,632848702,650218426,667695658,685184525,702705128,720228519,737962124,756226925,774978951,794130962,813668373,833545394,853716824,874213144,895041083,916183860,937622216,959360675,981375889,1003717001,1026497002,1049822320,1073800915,
Isle of Man,IMN,"Population, total",SP.POP.TOTL,70312,70963,71306,71486,71726,72181,72899,73817,74853,75879,76806,77608,78318,78975,79636,80345,81110,81914,82737,83548,84327,85069,85779,86462,87127,87780,
India,IND,"Population, total",SP.POP.TOTL,870601776,888513869,906461358,924475633,942604211,960874982,979290432,997817250,1016402907,1034976626,1053481072,1071888190,1090189358,1108369577,1126419321,1144326293,1162088305,1179685631,1197070109,1214182182,1230984504,1247446011,1263589639,1279498874,1295291543,1311050527,
Not classified,INX,"Population, total",SP.POP.TOTL,,,,,,,,,,,,,,,,,,,,,,,,,,,
Ireland,IRL,"Population, total",SP.POP.TOTL,3513974,3534235,3558430,3576261,3590386,3608841,3637510,3674171,3712696,3754786,3805174,3866243,3931947,3996521,4070262,4159914,4273591,4398942,4489544,4535375,4560155,4576794,4586897,4598294,4617225,4643740,
"Iran, Islamic Rep.",IRN,"Population, total",SP.POP.TOTL,56169196,57288039,58130099,58811858,59501292,60318632,61306632,62426086,63616065,64780362,65850062,66812736,67696677,68522074,69321953,70122115,70923164,71720859,72530693,73370982,74253373,75184322,76156975,77152445,78143644,79109272,
Iraq,IRQ,"Population, total",SP.POP.TOTL,17478455,17952909,18468521,19021967,19606895,20217759,20855408,21519356,22200835,22888600,23574751,24258794,24943793,25630426,26320530,27017712,27716983,28423538,29163327,29970634,30868156,31867758,32957622,34107366,35273293,36423395,
Iceland,ISL,"Population, total",SP.POP.TOTL,254826,257797,261057,263725,266021,267468,268916,271128,274047,277381,281205,284968,287523,289521,292074,296734,303782,311566,317414,318499,318041,319014,320716,323764,327386,330815,
Israel,ISR,"Population, total",SP.POP.TOTL,4660000,4949000,5123000,5261000,5399000,5545000,5692000,5836000,5971000,6125000,6289000,6439000,6570000,6689700,6809000,6930100,7053700,7180100,7308800,7485600,7623600,7765800,7910500,8059500,8215700,8380100,
Italy,ITA,"Population, total",SP.POP.TOTL,56719240,56758521,56797087,56831821,56843400,56844303,56860281,56890372,56906744,56916317,56942108,56974100,57059007,57313203,57685327,57969484,58143979,58438310,58826731,59095365,59277417,59379449,59539717,60233948,60789140,60730582,
Jamaica,JAM,"Population, total",SP.POP.TOTL,2385806,2403082,2422783,2444388,2466903,2489540,2512340,2535443,2558241,2579973,2600095,2618325,2634779,2649825,2664049,2677888,2691444,2704606,2717344,2729575,2741253,2752358,2762965,2773215,2783301,2793335,
Jordan,JOR,"Population, total",SP.POP.TOTL,3358453,3538663,3743944,3957221,4154813,4320158,4448113,4545248,4621329,4691402,4767476,4850227,4938935,5042538,5171633,5332982,5530218,5759424,6010035,6266865,6517912,6760371,6994451,7214832,7416083,7594547,
Japan,JPN,"Population, total",SP.POP.TOTL,123537000,123921000,124229000,124536000,124961000,125439000,125757000,126057000,126400000,126631000,126843000,127149000,127445000,127718000,127761000,127773000,127854000,128001000,128063000,128047000,128070000,127817277,127561489,127338621,127131800,126958472,
Kazakhstan,KAZ,"Population, total",SP.POP.TOTL,16348000,16450500,16439095,16330419,16095199,15815626,15577894,15333703,15071300,14928426,14883626,14858335,14858948,14909018,15012985,15147029,15308084,15484192,15674000,16092701,16321581,16556600,16791425,17035275,17289224,17544126,
Kenya,KEN,"Population, total",SP.POP.TOTL,23446229,24234087,25029754,25824736,26608089,27373035,28116027,28842245,29564614,30301240,31065820,31863280,32691980,33551079,34437460,35349040,36286015,37250540,38244442,39269988,40328313,41419954,42542978,43692881,44863583,46050302,
Kyrgyz Republic,KGZ,"Population, total",SP.POP.TOTL,4391200,4463600,4515400,4516700,4515100,4560400,4628400,4696400,4769000,4840400,4898400,4945100,4990700,5043300,5104700,5162600,5218400,5268400,5318700,5383300,5447900,5514600,5607200,5719600,5835500,5956900,
Cambodia,KHM,"Population, total",SP.POP.TOTL,9008856,9323607,9659238,10007092,10355253,10694459,11022162,11338733,11641509,11928306,12197905,12448881,12681984,12901217,13112334,13320058,13525360,13728700,13933660,14144337,14363586,14593099,14832255,15078564,15328136,15577899,
Kiribati,KIR,"Population, total",SP.POP.TOTL,72411,73698,74773,75722,76674,77727,78907,80190,81556,82969,84406,85858,87343,88892,90545,92329,94257,96310,98437,100566,102648,104662,106620,108544,110470,112423,
St. Kitts and Nevis,KNA,"Population, total",SP.POP.TOTL,40833,41009,41360,41836,42363,42888,43391,43885,44391,44938,45544,46216,46935,47681,48424,49139,49818,50465,51093,51717,52352,52998,53650,54301,54944,55572,
"Korea, Rep.",KOR,"Population, total",SP.POP.TOTL,42869283,43295704,43747962,44194628,44641540,45092991,45524681,45953580,46286503,46616677,47008111,47357362,47622179,47859311,48039415,48138077,48371946,48597652,48948698,49182038,49410366,49779440,50004441,50219669,50423955,50617045,
Kuwait,KWT,"Population, total",SP.POP.TOTL,2058832,2007110,,,,1637031,1637906,1686256,1766247,1853152,1929470,1990022,2042215,2095993,2166344,2263604,2389498,2538591,2705290,2881243,3059473,3239181,3419581,3593689,3753121,3892115,
Latin America and Caribbean (excluding high income),LAC,"Population, total",SP.POP.TOTL,423986378,431826667,439632107,447410305,455173303,462926970,470676977,478411989,486100581,493700681,501183308,508533947,515763825,522901409,529988897,537056623,544111020,551141269,558139344,565091356,571985527,578819439,585591775,592292421,598909306,605432386,
Lao PDR,LAO,"Population, total",SP.POP.TOTL,4247839,4371549,4496971,4621685,4742685,4857774,4966303,5068658,5165072,5256207,5342879,5424701,5502340,5579003,5658894,5745012,5838837,5939634,6045439,6153153,6260544,6366909,6473050,6579985,6689300,6802023,
Lebanon,LBN,"Population, total",SP.POP.TOTL,2703019,2752473,2821868,2900862,2974647,3033406,3070974,3092684,3113960,3156661,3235380,3359875,3522842,3701464,3863271,3986865,4057041,4085426,4109389,4181742,4337156,4591698,4924257,5286990,5612096,5850743,
Liberia,LBR,"Population, total",SP.POP.TOTL,2102877,2066060,2028672,2006349,2019148,2079921,2197801,2365290,2558085,2741755,2891968,2998770,3070673,3124222,3184643,3269786,3384804,3522337,3672782,3821498,3957990,4079574,4190155,4293692,4396554,4503438,
Libya,LBY,"Population, total",SP.POP.TOTL,4398419,4499210,4596811,4691934,4785488,4878202,4970391,5062160,5153764,5245414,5337264,5428303,5518341,5609166,5703224,5801543,5907149,6017794,6123022,6208680,6265697,6288652,6283403,6265987,6258984,6278438,
St. Lucia,LCA,"Population, total",SP.POP.TOTL,138180,140159,141934,143592,145262,147040,148962,150994,153066,155073,156949,158650,160218,161767,163462,165407,167656,170146,172729,175196,177397,179278,180890,182305,183645,184999,
Latin America and Caribbean,LCN,"Population, total",SP.POP.TOTL,446010487,454131611,462218140,470284761,478335738,486371642,494405456,502410664,510378032,518214095,525917907,533483527,540925740,548272658,555567873,562840691,570092301,577315167,584506856,591652262,598740592,605747157,612693536,619572053,626348350,633026419,
Least developed countries: UN classification,LDC,"Population, total",SP.POP.TOTL,510057629,524324699,539125756,554321297,569720374,585189354,600664665,616192978,631885766,647910647,664386087,681362484,698794943,716594050,734626511,752804951,771094428,789552731,808296990,827491795,847254847,867623500,888559745,910012840,931900321,954157804,
Low income,LIC,"Population, total",SP.POP.TOTL,321732573,330859667,340381945,350214780,360242918,370388264,380614813,390959022,401504632,412373685,423655372,435383252,447534597,460075083,472947363,486113306,499559269,513311068,527415958,541939703,556926383,572393050,588316015,604648276,621322015,638286288,
Liechtenstein,LIE,"Population, total",SP.POP.TOTL,28745,29111,29503,29921,30365,30833,31327,31842,32357,32843,33282,33663,33995,34290,34569,34852,35141,35431,35721,36004,36276,36537,36791,37040,37286,37531,
Sri Lanka,LKA,"Population, total",SP.POP.TOTL,17078000,17306000,17524000,17728000,17912000,18074000,18210000,18323000,18425000,18532000,18655000,18797000,18939000,19083000,19228000,19373000,19520000,19668000,19817000,19968000,20119000,20271000,20425000,20585000,20771000,20966000,
Lower middle income,LMC,"Population, total",SP.POP.TOTL,1905911137,1946934886,1988046723,2029003884,2069656503,2110242149,2150900972,2191578294,2232057543,2272308615,2312635668,2352947666,2393175353,2433505090,2473942049,2514431805,2555005791,2595727004,2636601440,2677635947,2719086819,2760605317,2801937937,2843484802,2885245227,2927468838,
Low and middle income,LMY,"Population, total",SP.POP.TOTL,4282759337,4361862467,4439371317,4515976113,4592109694,4667921106,4743569446,4819246327,4894313054,4968271193,5041594436,5113817703,5185589331,5257551019,5329684977,5402099254,5474513341,5546905427,5620011555,5694309637,5769549311,5845857020,5923140608,6001423028,6080322159,6159612979,
Lesotho,LSO,"Population, total",SP.POP.TOTL,1597534,1627900,1660360,1693459,1725118,1753824,1779201,1801695,1821632,1839631,1856225,1871489,1885488,1898778,1912042,1925844,1940345,1955656,1972194,1990413,2010586,2032950,2057331,2083061,2109197,2135022,
Late-demographic dividend,LTE,"Population, total",SP.POP.TOTL,1849743184,1873265011,1892799665,1913246889,1933289139,1954536514,1973734655,1992788618,2011249736,2028582025,2044454493,2059673696,2074076043,2088178048,2102131599,2116043421,2129597164,2142669105,2155810655,2169263233,2182204213,2195329853,2208789743,2222365085,2235982754,2249385146,
Lithuania,LTU,"Population, total",SP.POP.TOTL,3697838,3704134,3700114,3682613,3657144,3629102,3601613,3575137,3549331,3524238,3499536,3470818,3443067,3415213,3377075,3322528,3269909,3231294,3198231,3162916,3097282,3028115,2987773,2957689,2932367,2904910,
Luxembourg,LUX,"Population, total",SP.POP.TOTL,381850,387000,392175,397475,402925,408625,414225,419450,424700,430475,436300,441525,446175,451630,458095,465158,472637,479993,488650,497783,506953,518347,530946,543360,556319,569604,
Latvia,LVA,"Population, total",SP.POP.TOTL,2663151,2650581,2614338,2563290,2520742,2485056,2457222,2432851,2410019,2390482,2367550,2337170,2310173,2287955,2263122,2238799,2218357,2200325,2177322,2141669,2097555,2059709,2034319,2012647,1993782,1977527,
"Macao SAR, China",MAC,"Population, total",SP.POP.TOTL,359735,369484,377799,385041,391783,398459,405231,412031,418810,425448,431907,438088,444178,450754,458579,468149,479728,493022,507274,521405,534626,546682,557763,568056,577914,587606,
St. Martin (French part),MAF,"Population, total",SP.POP.TOTL,30036,31821,32892,33238,33098,32712,32102,31304,30358,29305,28384,27782,27450,27363,27514,27906,28414,28905,29376,29820,30235,30615,30959,31264,31530,31754,
Morocco,MAR,"Population, total",SP.POP.TOTL,24950128,25410178,25866445,26314339,26747660,27161889,27556892,27934014,28292299,28630973,28950553,29250983,29535591,29812685,30093109,30385479,30691434,31011322,31350544,31714958,32107739,32531964,32984190,33452686,33921203,34377511,
Monaco,MCO,"Population, total",SP.POP.TOTL,29438,29626,29864,30138,30423,30700,30971,31242,31517,31795,32081,32364,32648,32960,33339,33808,34384,35046,35731,36351,36845,37189,37404,37528,37623,37731,
Moldova,MDA,"Population, total",SP.POP.TOTL,3696000,3704000,3706000,3701000,3691000,3675099,3667748,3654208,3652732,3647001,3639592,3631462,3623062,3612874,3603945,3595187,3585209,3576910,3570108,3565604,3562045,3559986,3559519,3558566,3556397,3554108,
Madagascar,MDG,"Population, total",SP.POP.TOTL,11545782,11898267,12263899,12643864,13039754,13452526,13882646,14329239,14790245,15262817,15744811,16235767,16736029,17245275,17763367,18290394,18826129,19371031,19926798,20495706,21079532,21678867,22293720,22924557,23571713,24235390,
Maldives,MDV,"Population, total",SP.POP.TOTL,218000,227000,234000,242000,245000,255000,262000,264000,271000,280000,286000,292000,297000,304000,312000,321000,333000,349000,362000,360000,367000,377000,385000,393000,401000,409163,
Middle East and North Africa,MEA,"Population, total",SP.POP.TOTL,254609840,261182421,265456182,271531846,277521898,285136621,291124404,297163458,303180792,309225409,315277894,321298433,327323235,333473114,339908661,346730777,353985878,361623195,369531838,377567952,385509118,393359224,401136713,408851145,416535395,424211252,
Mexico,MEX,"Population, total",SP.POP.TOTL,85609404,87347208,89110043,90887097,92663664,94426946,96181710,97925825,99632299,101266570,102808590,104239563,105578297,106888418,108257822,109747906,111382857,113139374,114972821,116815612,118617542,120365271,122070963,123740109,125385833,127017224,
Marshall Islands,MHL,"Population, total",SP.POP.TOTL,47300,48481,49382,50052,50577,51020,51397,51697,51922,52076,52161,52184,52161,52115,52074,52058,52080,52136,52221,52321,52428,52541,52663,52786,52898,52993,
Middle income,MIC,"Population, total",SP.POP.TOTL,3961026764,4031002800,4098989372,4165761333,4231866776,4297532842,4362954633,4428287305,4492808422,4555897508,4617939064,4678434451,4738054734,4797475936,4856737614,4915985948,4974954072,5033594359,5092595597,5152369934,5212622928,5273463970,5334824593,5396774752,5459000144,5521326691,
"Macedonia, FYR",MKD,"Population, total",SP.POP.TOTL,1996227,1988458,1977033,1964924,1956165,1953544,1958303,1969345,1984242,1999362,2012051,2021585,2028706,2033974,2038444,2042894,2047330,2051427,2055266,2058920,2062443,2065888,2069270,2072543,2075625,2078453,
Mali,MLI,"Population, total",SP.POP.TOTL,8482075,8672581,8891141,9131449,9383608,9640643,9901045,10168000,10444822,10736542,11046926,11376094,11723017,12088867,12474857,12881384,13309942,13759226,14223403,14694565,15167286,15639115,16112333,16592097,17086022,17599694,
Malta,MLT,"Population, total",SP.POP.TOTL,354170,363845,367618,371308,374797,377419,379905,382791,385287,387578,390087,393028,395969,398582,401268,403834,405308,406724,409379,412477,414508,416268,419455,423374,427364,431874,
Myanmar,MMR,"Population, total",SP.POP.TOTL,42007309,42588029,43126260,43642311,44164109,44710931,45290888,45895991,46509586,47106923,47669791,48195684,48689952,49151958,49582751,49984704,50355559,50698814,51030006,51369725,51733013,52125411,52543841,52983829,53437159,53897154,
Middle East and North Africa (excluding high income),MNA,"Population, total",SP.POP.TOTL,226579346,232171608,237555697,242787070,247952539,253116696,258304069,263499915,268630701,273712508,278727225,283669421,288569933,293490319,298512252,303695204,309063491,314604885,320308365,326123720,332020858,337993361,344044195,350175926,356396474,362706695,
Montenegro,MNE,"Population, total",SP.POP.TOTL,606372,607105,608516,610170,611389,611712,611003,609520,607662,606001,604950,607389,609828,612267,613353,614261,615025,615875,616969,618294,619428,620079,620601,621207,621810,622159,
Mongolia,MNG,"Population, total",SP.POP.TOTL,2184145,2217920,2243506,2263204,2280495,2298038,2316571,2335694,2355588,2376165,2397438,2419729,2443503,2469045,2496621,2526447,2558484,2592776,2629666,2669572,2712657,2759074,2808339,2859174,2909871,2959134,
Northern Mariana Islands,MNP,"Population, total",SP.POP.TOTL,43972,46719,49429,52120,54817,57518,60248,62939,65374,67271,68434,68817,68499,67562,66143,64372,62235,59791,57343,55276,53860,53234,53314,53869,54541,55070,
Mozambique,MOZ,"Population, total",SP.POP.TOTL,13371971,13719853,14203987,14775877,15363065,15913101,16410777,16872896,17317376,17774066,18264536,18792357,19348715,19928496,20523159,21126676,21737860,22359637,22994867,23647815,24321457,25016921,25732928,26467180,27216276,27977863,
Mauritania,MRT,"Population, total",SP.POP.TOTL,2023665,2080782,2140250,2202201,2266745,2333966,2403779,2476188,2551429,2629806,2711421,2796502,2884672,2974686,3064882,3154087,3241762,3328285,3414552,3501927,3591400,3683221,3777067,3872684,3969625,4067564,
Mauritius,MUS,"Population, total",SP.POP.TOTL,1058775,1070266,1084441,1097374,1112846,1122457,1133996,1148284,1160421,1175267,1186873,1196287,1204621,1213370,1221003,1228254,1233996,1239630,1244121,1247429,1250400,1252404,1255882,1258653,1260934,1262605,
Malawi,MWI,"Population, total",SP.POP.TOTL,9408998,9604199,9682918,9697635,9725612,9822812,10006767,10260421,10563554,10882543,11193230,11491824,11788731,12090476,12407618,12747846,13112383,13498377,13904671,14329056,14769824,15226813,15700436,16190126,16695253,17215232,
Malaysia,MYS,"Population, total",SP.POP.TOTL,18211097,18709835,19204700,19700762,20205992,20725374,21260881,21808125,22358128,22898579,23420751,23920963,24401977,24869423,25332026,25796124,26263048,26730607,27197419,27661017,28119500,28572970,29021940,29465372,29901997,30331007,
North America,NAC,"Population, total",SP.POP.TOTL,277473326,281211703,285092192,288811320,292297226,295691746,299126029,302704697,306162843,309600485,312993944,316113359,319050105,321847258,324864038,327892753,331014940,334184023,337405012,340465736,343417261,346126201,348917966,351647847,354517104,357332665,
Namibia,NAM,"Population, total",SP.POP.TOTL,1415447,1466152,1513689,1559480,1605828,1654214,1705349,1758097,1809920,1857320,1897953,1931005,1957749,1980531,2002745,2027026,2053915,2083174,2115703,2152357,2193643,2240161,2291645,2346592,2402858,2458830,
New Caledonia,NCL,"Population, total",SP.POP.TOTL,170899,175362,179799,184496,189482,193816,197564,201418,205279,209214,213230,217324,221490,225000,228000,231000,235000,238000,242000,245000,250000,254000,259000,263000,268000,273000,
Niger,NER,"Population, total",SP.POP.TOTL,7911884,8168834,8442330,8732500,9039088,9361912,9701730,10058960,10432657,10821434,11224523,11642308,12075991,12526725,12996012,13485436,13995530,14527631,15085130,15672194,16291990,16946485,17635782,18358863,19113728,19899120,
Nigeria,NGA,"Population, total",SP.POP.TOTL,95617345,98085436,100592458,103145093,105753088,108424822,111164651,113975055,116860691,119826231,122876723,126014935,129246283,132581484,136033321,139611303,143318011,147152502,151115683,155207145,159424742,163770669,168240403,172816517,177475986,182201962,
Nicaragua,NIC,"Population, total",SP.POP.TOTL,4144564,4236805,4331273,4426577,4520727,4612229,4700777,4786641,4869627,4949661,5026792,5100750,5171736,5240876,5309703,5379327,5450217,5522119,5594524,5666595,5737722,5807787,5877034,5945646,6013913,6082032,
Netherlands,NLD,"Population, total",SP.POP.TOTL,14951510,15069798,15184166,15290368,15382838,15459006,15530498,15610650,15707209,15812088,15925513,16046180,16148929,16225302,16281779,16319868,16346101,16381696,16445593,16530388,16615394,16693074,16754962,16804432,16865008,16939923,
Norway,NOR,"Population, total",SP.POP.TOTL,4241473,4261732,4286401,4311991,4336613,4359184,4381336,4405157,4431464,4461913,4490967,4513751,4538159,4564855,4591910,4623291,4660677,4709153,4768212,4828726,4889252,4953088,5018573,5079623,5137232,5190239,
Nepal,NPL,"Population, total",SP.POP.TOTL,18741688,19237322,19765570,20312687,20859421,21390905,21902534,22395247,22866496,23315053,23740145,24140941,24516969,24868900,25198130,25506847,25794344,26063619,26325183,26592666,26875910,27179237,27500515,27834981,28174724,28513700,
Nauru,NRU,"Population, total",SP.POP.TOTL,9157,9354,9544,9719,9863,9970,10033,10056,10054,10044,10042,10053,10073,10096,10113,10115,10101,10075,10047,10028,10025,10057,10279,10821,11853,12475,
New Zealand,NZL,"Population, total",SP.POP.TOTL,3329800,3495100,3531700,3572200,3620000,3673400,3732000,3781300,3815000,3835100,3857700,3880500,3948500,4027200,4087500,4133900,4184600,4223800,4259800,4302600,4350700,4384000,4408100,4442100,4509700,4595700,
OECD members,OED,"Population, total",SP.POP.TOTL,1069318773,1079009539,1088836884,1098221465,1107141301,1115915085,1124503844,1133073192,1141324119,1149554142,1157565256,1165849391,1174149916,1182447832,1190808908,1199201044,1207946461,1216989289,1226520017,1235310457,1243550244,1250082642,1258041252,1266328931,1274752421,1282900953,
Oman,OMN,"Population, total",SP.POP.TOTL,1812159,1892345,1979914,2066264,2139539,2191864,2219768,2227596,2224922,2225481,2239403,2272547,2323203,2385075,2448194,2506891,2553376,2593750,2652281,2762073,2943747,3210003,3545192,3906912,4236057,4490541,
Other small states,OSS,"Population, total",SP.POP.TOTL,17443082,17827157,18169908,18490723,18811476,19137014,19469405,19808852,20158241,20523269,20907565,21267515,21630802,22012943,22437905,22922923,23475808,24088745,24732520,25353727,25956307,26521647,27062150,27581301,28088197,28593188,
Pakistan,PAK,"Population, total",SP.POP.TOTL,107607639,110634399,113616165,116579605,119564925,122599749,125697651,128845692,132013680,135158132,138250487,141282077,144271586,147251530,150267989,153356383,156524189,159767672,163096985,166520983,170043918,173669648,177392252,181192646,185044286,188924874,
Panama,PAN,"Population, total",SP.POP.TOTL,2471010,2522901,2575330,2628511,2682720,2738125,2794845,2852739,2911383,2970193,3028751,3086887,3144728,3202511,3260611,3319301,3378600,3438398,3498679,3559401,3620506,3681979,3743761,3805683,3867535,3929141,
Peru,PER,"Population, total",SP.POP.TOTL,21826658,22283130,22737056,23184222,23619358,24038761,24441076,24827409,25199744,25561297,25914875,26261363,26601463,26937737,27273188,27610406,27949958,28292768,28642048,29001563,29373644,29759891,30158768,30565461,30973148,31376670,
Philippines,PHL,"Population, total",SP.POP.TOTL,61947340,63509940,65078901,66654954,68240134,69835713,71437381,73042605,74656228,76285225,77932247,79604541,81294378,82971734,84596249,86141373,87592899,88965508,90297115,91641881,93038902,94501233,96017322,97571676,99138690,100699395,
Palau,PLW,"Population, total",SP.POP.TOTL,15089,15471,15894,16345,16805,17255,17695,18123,18524,18878,19174,19404,19575,19700,19805,19907,20012,20118,20227,20344,20470,20606,20756,20919,21097,21291,
Papua New Guinea,PNG,"Population, total",SP.POP.TOTL,4157903,4261933,4369407,4480689,4596131,4715929,4840311,4969116,5101633,5236863,5374051,5512835,5653284,5795571,5940048,6086905,6236158,6387470,6540267,6693799,6847517,7001172,7154870,7308864,7463577,7619321,
Poland,POL,"Population, total",SP.POP.TOTL,38110782,38246193,38363667,38461408,38542652,38594998,38624370,38649660,38663481,38660271,38258629,38248076,38230364,38204570,38182222,38165445,38141267,38120560,38125759,38151603,38042794,38063255,38063164,38040196,38011735,37986412,
Pre-demographic dividend,PRE,"Population, total",SP.POP.TOTL,415481032,427933883,441088911,454723399,468524311,482278474,495900493,509493025,523261490,537505596,552445596,568156237,584583809,601666093,619292053,637385475,655927897,674966075,694563378,714808731,735760142,757441656,779816101,802804998,826297315,850210773,
Puerto Rico,PRI,"Population, total",SP.POP.TOTL,3537000,3562110,3585176,3615497,3649237,3683103,3724655,3759430,3781101,3800081,3810605,3818774,3823701,3826095,3826878,3821362,3805214,3782995,3760866,3740410,3721526,3678736,3634487,3593079,3534888,3474182,
"Korea, Dem. Peoples Rep.",PRK,"Population, total",SP.POP.TOTL,20194354,20510208,20838082,21166230,21478544,21763670,22016510,22240826,22444986,22641747,22840218,23043441,23248053,23449173,23639296,23813324,23969897,24111945,24243829,24371806,24500506,24631359,24763353,24895705,25026772,25155317,
Portugal,PRT,"Population, total",SP.POP.TOTL,9983218,9960235,9952494,9964675,9991525,10026176,10063945,10108977,10160196,10217828,10289898,10362722,10419631,10458821,10483861,10503330,10522288,10542964,10558177,10568247,10573100,10557560,10514844,10457295,10401062,10358076,
Paraguay,PRY,"Population, total",SP.POP.TOTL,4213740,4323402,4432738,4541902,4651222,4760853,4870695,4980346,5089306,5196935,5302703,5406625,5508615,5607948,5703742,5795493,5882797,5966160,6047131,6127847,6209877,6293763,6379162,6465669,6552518,6639123,
West Bank and Gaza,PSE,"Population, total",SP.POP.TOTL,1978248,2068845,2163591,2262676,2366298,2474666,2587997,2706518,2776568,2848431,2922153,2997784,3075373,3154969,3236626,3320396,3406334,3494496,3596688,3702218,3811102,3927051,4046901,4169506,4294682,4422143,
Pacific island small states,PSS,"Population, total",SP.POP.TOTL,1694417,1721249,1750857,1781989,1812753,1841772,1868807,1894309,1918419,1941464,1963761,1985179,2005803,2026433,2048118,2071588,2097182,2124650,2153399,2182547,2211421,2239863,2268182,2296530,2325190,2353344,
Post-demographic dividend,PST,"Population, total",SP.POP.TOTL,964676490,970983906,977805887,984353759,990049283,995457426,1000674827,1005881988,1010705434,1015603966,1020582057,1025642956,1030707899,1035878180,1041258949,1046571893,1052187910,1058117519,1064539724,1070040611,1075074391,1078067878,1082691762,1087594267,1092609930,1097579098,
French Polynesia,PYF,"Population, total",SP.POP.TOTL,198370,202020,205269,208349,211584,215200,219282,223734,228380,232956,237267,241276,245032,248536,251811,254884,257731,260361,262877,265412,268065,270862,273775,276766,279781,282764,
Qatar,QAT,"Population, total",SP.POP.TOTL,476478,485114,489668,492120,495179,501019,511864,528213,548618,570643,593453,613720,634388,668165,732096,836924,988448,1178955,1388962,1591151,1765513,1905437,2015624,2101288,2172065,2235355,
Romania,ROU,"Population, total",SP.POP.TOTL,23201835,23001155,22794284,22763280,22730211,22684270,22619004,22553978,22507344,22472040,22442971,22131970,21730496,21574326,21451748,21319685,21193760,20882982,20537875,20367487,20246871,20147528,20058035,19983693,19908979,19815308,
Russian Federation,RUS,"Population, total",SP.POP.TOTL,148292000,148624000,148689000,148520000,148336000,148375726,148160042,147915307,147670692,147214392,146596557,145976083,145306046,144648257,144067054,143518523,143049528,142805088,142742350,142785342,142849449,142960868,143201676,143506911,143819666,144096870,
Rwanda,RWA,"Population, total",SP.POP.TOTL,7259740,7071393,6712924,6300358,5995987,5912755,6097688,6506118,7047196,7585143,8021875,8329113,8539029,8686469,8828956,9008230,9231041,9481083,9750314,10024594,10293669,10556429,10817350,11078095,11341544,11609666,
South Asia,SAS,"Population, total",SP.POP.TOTL,1132833314,1157752321,1182862267,1208123497,1233480616,1258903823,1284343918,1309774343,1335193652,1360594891,1385959570,1411288216,1436527869,1461601023,1486403311,1510864613,1534949611,1558685624,1582147481,1605444788,1628689562,1651889921,1675020307,1698099032,1721152580,1744161298,
Saudi Arabia,SAU,"Population, total",SP.POP.TOTL,16361453,16890555,17398523,17890529,18373412,18853670,19331311,19809633,20302193,20825955,21392273,22007937,22668102,23357887,24055573,24745230,25419994,26083522,26742842,27409491,28090647,28788438,29496047,30201051,30886545,31540372,
Sudan,SDN,"Population, total",SP.POP.TOTL,20008804,20861117,21820588,22829227,23805536,24691970,25466387,26149124,26777059,27406808,28079664,28805142,29569978,30365586,31176209,31990003,32809056,33637960,34470138,35297298,36114885,36918193,37712420,38515095,39350274,40234882,
Senegal,SEN,"Population, total",SP.POP.TOTL,7514201,7749559,7990736,8234147,8475136,8710746,8939438,9163184,9386923,9617641,9860578,10118078,10389457,10673320,10967016,11268994,11578430,11897230,12229703,12581624,12956791,13357003,13780108,14221041,14672557,15129273,
Singapore,SGP,"Population, total",SP.POP.TOTL,3047132,3135083,3230698,3313471,3419048,3524506,3670704,3796038,3927213,3958723,4027887,4138012,4175950,4114826,4166664,4265762,4401365,4588599,4839396,4987573,5076732,5183688,5312437,5399162,5469724,5535002,
Solomon Islands,SLB,"Population, total",SP.POP.TOTL,311849,320764,329984,339490,349250,359236,369438,379859,390489,401319,412336,423535,434893,446352,457841,469306,480716,492075,503410,514767,526177,537648,549162,560685,572171,583591,
Sierra Leone,SLE,"Population, total",SP.POP.TOTL,3931208,3945899,3929182,3893891,3858559,3837807,3833053,3843472,3878475,3948800,4060709,4220198,4422154,4647701,4870467,5071271,5243214,5391108,5521838,5647194,5775902,5908908,6043157,6178859,6315627,6453184,
El Salvador,SLV,"Population, total",SP.POP.TOTL,5252082,5321576,5392142,5461834,5528012,5588743,5643363,5692300,5736075,5775660,5811836,5844738,5874301,5900929,5925089,5947206,5967556,5986414,6004199,6021368,6038306,6055208,6072233,6089644,6107706,6126583,
San Marino,SMR,"Population, total",SP.POP.TOTL,24045,24385,24755,25141,25519,25875,26201,26503,26795,27097,27420,27771,28142,28520,28891,29242,29568,29874,30160,30431,30690,30938,31172,31391,31595,31781,
Somalia,SOM,"Population, total",SP.POP.TOTL,6321615,6319531,6294017,6269244,6278911,6346440,6480888,6672781,6904231,7148406,7385416,7610053,7827203,8039104,8251054,8466938,8686939,8909015,9132589,9356827,9581714,9806670,10033630,10268157,10517569,10787104,
Serbia,SRB,"Population, total",SP.POP.TOTL,7586000,7595636,7646424,7699307,7734639,7625357,7617794,7596501,7567745,7540401,7516346,7503433,7496522,7480591,7463157,7440769,7411569,7381579,7350222,7320807,7291436,7234099,7199077,7164132,7130576,7095383,
Sub-Saharan Africa (excluding high income),SSA,"Population, total",SP.POP.TOTL,510139529,524696377,539643953,554915710,570429703,586124185,601992197,618079436,634462650,651260319,668557823,686117277,704327791.9,723133569.9,742587547,762730497.2,783585163.5,805152481,827414065.3,850337883.1,873898006.4,898090476.4,922916940.1,948352217.6,974368578.7,1000943138,
South Sudan,SSD,"Population, total",SP.POP.TOTL,5762190,5698998,5593347,5484372,5425099,5452771,5584223,5806951,6092688,6398416,6692999,6967817,7233237,7499695,7784488,8099908,8445659,8815495,9208598,9623176,10056475,10510122,10980623,11453810,11911184,12339812,
Sub-Saharan Africa,SSF,"Population, total",SP.POP.TOTL,510209036,524766816,539714716,554987963,570503908,586199489,602068614,618156755,634541496,651340729,668638954,686198479,704411514.9,723216350.9,742670022,762813355.2,783669763.5,805237514,827501021.3,850425181.1,873987776.4,898177917.4,923005243.1,948442166.6,974459937.7,1001036557,
Small states,SST,"Population, total",SP.POP.TOTL,25093673,25547184,25967773,26372092,26777633,27185946,27598787,28017217,28443344,28882103,29336748,29762924,30188692,30631716,31118945,31669714,32292623,32979107,33698607,34395676,35072726,35710727,36322600,36912131,37488991,38062892,
Sao Tome and Principe,STP,"Population, total",SP.POP.TOTL,113575,115900,118346,120849,123318,125694,127946,130110,132284,134602,137164,140003,143085,146357,149732,153146,156584,160064,163595,167196,170880,174646,178484,182386,186342,190344,
Suriname,SUR,"Population, total",SP.POP.TOTL,408276,416068,423572,430901,438280,445830,453653,461569,469108,475637,480751,484210,486271,487641,489312,491999,495953,500953,506657,512522,518141,523439,528535,533450,538248,542975,
Slovak Republic,SVK,"Population, total",SP.POP.TOTL,5299187,5303294,5305016,5325305,5346331,5361999,5373361,5383291,5390516,5396020,5388720,5378867,5376912,5373374,5372280,5372807,5373054,5374622,5379233,5386406,5391428,5398384,5407579,5413393,5418649,5423801,
Slovenia,SVN,"Population, total",SP.POP.TOTL,1998161,1999429,1996498,1991746,1989443,1989872,1988628,1985956,1981629,1983045,1988925,1992060,1994530,1995733,1997012,2000474,2006868,2018122,2021316,2039669,2048583,2052843,2057159,2059953,2061980,2063531,
Sweden,SWE,"Population, total",SP.POP.TOTL,8558835,8617375,8668067,8718561,8780745,8826939,8840998,8846062,8850974,8857874,8872109,8895960,8924958,8958229,8993531,9029572,9080505,9148092,9219637,9298515,9378126,9449213,9519374,9600379,9696110,9799186,
Swaziland,SWZ,"Population, total",SP.POP.TOTL,862728,887248,907947,926224,944223,963428,984506,1006760,1028694,1048151,1063715,1074765,1082195,1087949,1094775,1104642,1118204,1134853,1153750,1173529,1193148,1212458,1231694,1250641,1269112,1286970,
Sint Maarten (Dutch part),SXM,"Population, total",SP.POP.TOTL,,,,,,,,,31240,31084,30519,31189,32566,33790,35316,36934,38270,39462,40458,39133,35474,33435,34640,36607,37685,38824,
Seychelles,SYC,"Population, total",SP.POP.TOTL,69507,70439,70763,72253,74205,75304,76417,77319,78846,80410,81131,81202,83723,82781,82475,82858,84600,85033,86956,87298,89770,87441,88303,89949,91359,93419,
Syrian Arab Republic,SYR,"Population, total",SP.POP.TOTL,12451539,12817578,13186187,13559642,13941025,14331962,14736209,15151962,15568797,15972430,16354050,16694414,16997521,17304339,17671913,18132842,18728200,19425597,20097057,20566871,20720602,20501167,19978756,19322593,18772481,18502413,
Turks and Caicos Islands,TCA,"Population, total",SP.POP.TOTL,11550,12205,12970,13793,14597,15334,15967,16527,17114,17866,18876,20186,21740,23412,25025,26450,27642,28638,29481,30247,30993,31727,32430,33103,33740,34339,
Chad,TCD,"Population, total",SP.POP.TOTL,5958022,6151213,6350174,6556628,6773104,7001634,7242018,7494143,7760157,8042713,8343321,8663599,9002102,9353516,9710498,10067932,10423616,10779504,11139740,11510535,11896380,12298512,12715465,13145788,13587053,14037472,
East Asia and Pacific (IDA and IBRD countries),TEA,"Population, total",SP.POP.TOTL,1583420482,1607332058,1629666457,1651168577,1672562483,1693610863,1714375070,1734987785,1754947036,1773820531,1791655658,1808712336,1825011514,1840686278,1855914203,1870892484,1885245582,1898943296,1912445606,1925856220,1939286912,1952938845,1966928058,1981132507,1995530937,2009880516,
Europe and Central Asia (IDA and IBRD countries),TEC,"Population, total",SP.POP.TOTL,428458829,430290396,431966368,433465126,434183214,434695993,434935182,435428807,435652084,435708063,435307783,435093018,434762053,434884796,435211544,435604952,436121297,436774658,437826148,439618347,441582904,443792237,446161754,448726623,451144054,453480582,
Togo,TGO,"Population, total",SP.POP.TOTL,3786942,3886858,3984356,4081398,4180689,4284286,4392941,4506465,4624826,4747665,4874735,5006223,5142419,5283246,5428552,5578219,5732175,5890414,6052937,6219761,6390851,6566179,6745581,6928719,7115163,7304578,
Thailand,THA,"Population, total",SP.POP.TOTL,56582824,57225972,57761574,58237672,58722767,59266089,59878955,60544937,61250974,61973957,62693322,63415174,64136669,64817254,65404522,65863973,66174486,66353572,66453255,66548197,66692024,66902958,67164130,67451422,67725979,67959359,
Tajikistan,TJK,"Population, total",SP.POP.TOTL,5297286,5417554,5523207,5616797,5702611,5784330,5862224,5936780,6012308,6094126,6186152,6290413,6406518,6532871,6666628,6805655,6949566,7099021,7254072,7414960,7581696,7753925,7930929,8111894,8295840,8481855,
Turkmenistan,TKM,"Population, total",SP.POP.TOTL,3668000,3772350,3881973,3991917,4095512,4188010,4267690,4335991,4395293,4449427,4501419,4551762,4600172,4648036,4696876,4747839,4801594,4858235,4917541,4978960,5041995,5106672,5172941,5240088,5307188,5373502,
Latin America and the Caribbean (IDA and IBRD countries),TLA,"Population, total",SP.POP.TOTL,430980128,438981519,446960407,454920695,462868700,470805953,478737665,486653436,494520572,502295737,509949322,517465569,524856414,532154114,539406109,546646387,553883016,561103799,568297692,575446273,582534536,589558724,596518632,603406244,610212685,616929998,
Timor-Leste,TLS,"Population, total",SP.POP.TOTL,740231,764884,792846,820471,842752,856439,859496,853867,845106,841063,847185,865848,894837,929431,962634,989497,1008389,1021235,1030915,1041827,1057122,1077602,1102076,1129315,1157360,1184765,
Middle East and North Africa (IDA and IBRD countries),TMN,"Population, total",SP.POP.TOTL,224601098,230102763,235392106,240524394,245586241,250642030,255716072,260793397,265854133,270864077,275805072,280671637,285494560,290335350,295275626,300374808,305657157,311110389,316711677,322421502,328209756,334066310,339997294,346006420,352101792,358284552,
Tonga,TON,"Population, total",SP.POP.TOTL,95152,95304,95421,95532,95678,95889,96174,96526,96937,97398,97898,98434,99005,99606,100226,100858,101507,102169,102816,103416,103947,104392,104769,105139,105586,106170,
South Asia (IDA and IBRD),TSA,"Population, total",SP.POP.TOTL,1132833314,1157752321,1182862267,1208123497,1233480616,1258903823,1284343918,1309774343,1335193652,1360594891,1385959570,1411288216,1436527869,1461601023,1486403311,1510864613,1534949611,1558685624,1582147481,1605444788,1628689562,1651889921,1675020307,1698099032,1721152580,1744161298,
Sub-Saharan Africa (IDA and IBRD countries),TSS,"Population, total",SP.POP.TOTL,510209036,524766816,539714716,554987963,570503908,586199489,602068614,618156755,634541496,651340729,668638954,686198479,704411514.9,723216350.9,742670022,762813355.2,783669763.5,805237514,827501021.3,850425181.1,873987776.4,898177917.4,923005243.1,948442166.6,974459937.7,1001036557,
Trinidad and Tobago,TTO,"Population, total",SP.POP.TOTL,1221904,1229906,1237486,1244410,1250316,1255001,1258365,1260677,1262544,1264781,1267980,1272383,1277840,1284052,1290535,1296933,1303141,1309260,1315372,1321624,1328095,1334790,1341579,1348240,1354483,1360088,
Tunisia,TUN,"Population, total",SP.POP.TOTL,8232797,8417689,8603226,8784888,8956590,9113972,9256036,9384151,9499387,9603733,9699192,9785665,9864207,9939478,10017439,10102477,10196441,10298717,10408091,10522214,10639194,10758870,10881450,11005706,11130154,11253554,
Turkey,TUR,"Population, total",SP.POP.TOTL,53994605,54909508,55811134,56707454,57608769,58522320,59451488,60394104,61344874,62295617,63240157,64182694,65125766,66060121,66973561,67860617,68704721,69515492,70344357,71261307,72310416,73517002,74849187,76223639,77523788,78665830,
Tuvalu,TUV,"Population, total",SP.POP.TOTL,9004,9056,9103,9148,9188,9227,9264,9298,9334,9374,9419,9471,9530,9590,9646,9694,9732,9764,9788,9808,9827,9844,9860,9876,9893,9916,
Tanzania,TZA,"Population, total",SP.POP.TOTL,25458208,26307482,27203865,28122799,29030288,29903329,30733937,31533781,32323953,33135281,33991590,34899062,35855480,36866228,37935334,39065600,40260847,41522004,42844744,44222113,45648525,47122998,48645709,50213457,51822621,53470420,
Uganda,UGA,"Population, total",SP.POP.TOTL,17384369,17973428,18571527,19177660,19791266,20412967,21041468,21679497,22336812,23026357,23757636,24534668,25355794,26217760,27114742,28042413,29000925,29991958,31014427,32067125,33149417,34260342,35400620,36573387,37782971,39032383,
Ukraine,UKR,"Population, total",SP.POP.TOTL,51892000,52000470,52150266,52179210,51921041,51512299,51057189,50594105,50143939,49673350,49175848,48683865,48202500,47812950,47451600,47105150,46787750,46509350,46258200,46053300,45870700,45706100,45593300,45489600,45271947,45154029,
Upper middle income,UMC,"Population, total",SP.POP.TOTL,2055115627,2084067914,2110942649,2136757449,2162210273,2187290693,2212053661,2236709011,2260750879,2283588893,2305303396,2325486785,2344879381,2363970846,2382795565,2401554143,2419948281,2437867355,2455994157,2474733987,2493536109,2512858653,2532886656,2553289950,2573754917,2593857853,
Uruguay,URY,"Population, total",SP.POP.TOTL,3109987,3132048,3154853,3178156,3201604,3224807,3248039,3271014,3292134,3309318,3321242,3327105,3327770,3325637,3324096,3325608,3331041,3339750,3350832,3362761,3374414,3385610,3396753,3407969,3419516,3431555,
United States,USA,"Population, total",SP.POP.TOTL,249623000,252981000,256514000,259919000,263126000,266278000,269394000,272657000,275854000,279040000,282162411,284968955,287625193,290107933,292805298,295516599,298379912,301231207,304093966,306771529,309346863,311718857,314102623,316427395,318907401,321418820,
Uzbekistan,UZB,"Population, total",SP.POP.TOTL,20510000,20952000,21449000,21942000,22377000,22785000,23225000,23667000,24051000,24311650,24650400,24964450,25271850,25567650,25864350,26167000,26488250,26868000,27302800,27767400,28562400,29339400,29774500,30243200,30757700,31298900,
St. Vincent and the Grenadines,VCT,"Population, total",SP.POP.TOTL,107509,107811,108001,108097,108129,108122,108078,108001,107923,107879,107897,107989,108150,108354,108563,108749,108908,109049,109165,109255,109316,109341,109334,109327,109360,109462,
"Venezuela, RB",VEN,"Population, total",SP.POP.TOTL,19861959,20332247,20799471,21263994,21726808,22188671,22649212,23108003,23565734,24023355,24481477,24940223,25399143,25857553,26314483,26769115,27221228,27670659,28116716,28558607,28995745,29427631,29854238,30276045,30693827,31108083,
British Virgin Islands,VGB,"Population, total",SP.POP.TOTL,16459,16937,17343,17700,18051,18425,18834,19270,19726,20186,20643,21087,21530,22000,22538,23169,23908,24735,25604,26450,27223,27906,28511,29058,29585,30117,
Virgin Islands (U.S.),VIR,"Population, total",SP.POP.TOTL,103963,104807,105711,106577,107317,107817,108093,108355,108535,108596,108639,108386,108208,108085,107950,107863,107700,107423,107091,106707,106267,105784,105275,104737,104170,103574,
Vietnam,VNM,"Population, total",SP.POP.TOTL,66016700,67242400,68450100,69644500,70824500,71995500,73156700,74306900,75456300,76596700,77630900,78620500,79537700,80467400,81436400,82392100,83311200,84218500,85118700,86025000,86932500,87860300,88809200,89759500,90728900,91713300,
Vanuatu,VUT,"Population, total",SP.POP.TOTL,146633,150779,155242,159814,164209,168236,171802,175004,178074,181346,185058,189288,193957,198963,204144,209375,214635,219956,225335,230782,236299,241876,247498,253165,258883,264652,
World,WLD,"Population, total",SP.POP.TOTL,5284741954,5371778910,5455637954,5540316264,5623860861,5708659895,5791394148,5874197965,5956034567,6036835964,6116786547,6196224413,6275245568,6354436903,6434161075,6514334516,6595056790,6676244478,6758688744,6841315629,6924026510,7005660672,7089714677,7174864459,7260691786,7346705903,
Samoa,WSM,"Population, total",SP.POP.TOTL,162865,164073,165568,167206,168786,170158,171276,172191,172979,173758,174614,175567,176592,177677,178794,179928,181072,182238,183440,184700,186029,187434,188901,190390,191845,193228,
Kosovo,XKX,"Population, total",SP.POP.TOTL,1862000,1898000,1932000,1965000,1997000,2029000,2059000,2086000,1966000,1762000,1700000,1701154,1702310,1703466,1704622,1705780,1719536,1733404,1747383,1761474,1775680,1790957,1805200,1824100,1821800,1801800,
"Yemen, Rep.",YEM,"Population, total",SP.POP.TOTL,11961099,12571240,13245003,13948118,14633091,15266147,15834747,16349809,16829935,17304422,17795219,18306287,18832097,19374012,19931617,20504385,21093973,21701105,22322699,22954226,23591972,24234940,24882792,25533217,26183676,26832215,
South Africa,ZAF,"Population, total",SP.POP.TOTL,36793490,37692367,38646788,39619539,40558495,41426810,42210216,42921506,43584030,44233730,44896856,45312937,45855482.88,46418193.9,47001700.99,47606670.24,48233804.48,48883844.99,49557573.3,50255813.11,50979432.36,51729345.36,52506515.08,53311955.61,54146734.74,55011976.68,
Zambia,ZMB,"Population, total",SP.POP.TOTL,8143142,8361381,8576987,8794061,9018229,9253527,9502346,9763742,10034412,10309310,10585220,10861238,11139978,11426006,11725635,12043591,12381509,12738676,13114579,13507849,13917439,14343526,14786581,15246086,15721343,16211767,
Zimbabwe,ZWE,"Population, total",SP.POP.TOTL,10484771,10763036,11019717,11256512,11476807,11683136,11877664,12059858,12226742,12374019,12499981,12603988,12691431,12774162,12867828,12984418,13127942,13297798,13495462,13720997,13973897,14255592,14565482,14898092,15245855,15602751,